<?xml version="1.0" encoding="UTF-8"?>
<project-private xmlns="http://www.netbeans.org/ns/project-private/1">
    <editor-bookmarks xmlns="http://www.netbeans.org/ns/editor-bookmarks/1"/>
    <editor-bookmarks xmlns="http://www.netbeans.org/ns/editor-bookmarks/2" lastBookmarkId="0"/>
    <open-files xmlns="http://www.netbeans.org/ns/projectui-open-files/2">
        <group>
            <file>file:/R:/merg/picprj/cbuslib/EEPROM.h</file>
            <file>file:/R:/merg/picprj/canpanel/max6951.c</file>
            <file>file:/R:/merg/picprj/canpanel/paneltest.c</file>
            <file>file:/R:/merg/picprj/canpanel/panelFLiM.h</file>
            <file>file:/R:/merg/picprj/cbuslib/canmio.asm</file>
        </group>
    </open-files>
</project-private>
